[
  {
    "nombre": "TITO",
    "apellido": "TITOVICH",
    "celular": "341234566",
    "mail": "TITO@HOTMAIL.COM",
    "obrasocial": "OTRO",
    "consulta": "PRESENCIAL",
    "modResp": "VIRTUAL",
    "mens": "hola quisiera comunicarme para un turno gracias.",
    "leido": false,
    "fecha": "31/08/2022",
    "id": 6
  },
  {
    "nombre": "ROMINA",
    "apellido": "CABELLO",
    "celular": "341234566",
    "mail": "ROOO_CABE@AOL.COM",
    "obrasocial": "GALENO",
    "consulta": "VIRTUAL",
    "modResp": "MAIL",
    "mens": "hola me llamo Romi quisiera comunicarme para un turno gracias.",
    "leido": true,
    "fecha": "31/08/2022",
    "id": 4
  },
  {
    "nombre": "TANO",
    "apellido": "ORTIZ",
    "celular": "341234566",
    "mail": "TANO@AOL.COM",
    "obrasocial": "GALENO",
    "consulta": "VIRTUAL",
    "modResp": "MAIL",
    "mens": "hola me llamo Romi quisiera comunicarme para un turno gracias.",
    "leido": false,
    "fecha": "31/08/2022",
    "id": 2
  },
  {
    "nombre": "ROBERTO",
    "apellido": "DIEGUEZ",
    "celular": "34123226",
    "mail": "TANO@AOL.COM",
    "obrasocial": "GALENO",
    "consulta": "VIRTUAL",
    "modResp": "MAIL",
    "mens": "hola me llamo Romi quisiera comunicarme para un turno gracias.",
    "leido": true,
    "fecha": "01/09/2022",
    "id": 3
  }
]